{
	"__comment":"Designed by GeForceLegend",
	"textures":{
		"all":"block/sea_pickle",
		"particle":"block/sea_pickle"
	},
	"elements":[
		{
			"from":[6,0,9],
			"to":[10,6,13],
			"faces":{
				"north":{"uv":[4,5,8,11],"texture":"#all"},
				"east":{"uv":[0,5,4,11],"texture":"#all"},
				"south":{"uv":[12,5,16,11],"texture":"#all"},
				"west":{"uv":[8,5,12,11],"texture":"#all"},
				"up":{"uv":[4,1,8,5],"texture":"#all"},
				"down":{"uv":[8,1,12,5],"texture":"#all","cullface":"down"}
			}
		},
		{
			"from":[7,6,10],
			"to":[9,5.2,12],
			"faces":{
				"north":{"uv":[5,5,7,6],"texture":"#all"},
				"east":{"uv":[1,5,3,6],"texture":"#all"},
				"south":{"uv":[13,5,15,6],"texture":"#all"},
				"west":{"uv":[9,5,11,6],"texture":"#all"},
				"up":{"uv":[9,2,11,4],"texture":"#all"}
			}
		},
		{
			"from":[2,0,2],
			"to":[6,4,6],
			"faces":{
				"north":{"uv":[12,5,16,9],"texture":"#all"},
				"east":{"uv":[8,5,12,9],"texture":"#all"},
				"south":{"uv":[4,5,8,9],"texture":"#all"},
				"west":{"uv":[0,5,4,9],"texture":"#all"},
				"up":{"uv":[4,1,8,5],"texture":"#all"},
				"down":{"uv":[8,1,12,5],"texture":"#all","cullface":"down"}
			}
		},
		{
			"from":[3,4,3],
			"to":[5,3.2,5],
			"faces":{
				"north":{"uv":[5,5,7,6],"texture":"#all"},
				"east":{"uv":[1,5,3,6],"texture":"#all"},
				"south":{"uv":[13,5,15,6],"texture":"#all"},
				"west":{"uv":[9,5,11,6],"texture":"#all"},
				"up":{"uv":[9,2,11,4],"texture":"#all"}
			}
		},
		{
			"from":[8,0,4],
			"to":[12,6,8],
			"faces":{
				"north":{"uv":[12,5,16,11],"texture":"#all"},
				"east":{"uv":[8,5,12,11],"texture":"#all"},
				"south":{"uv":[4,5,8,11],"texture":"#all"},
				"west":{"uv":[0,5,4,11],"texture":"#all"},
				"up":{"uv":[4,1,8,5],"texture":"#all"},
				"down":{"uv":[8,1,12,5],"texture":"#all","cullface":"down"}
			}
		},
		{
			"from":[9,6,5],
			"to":[11,5.2,7],
			"faces":{
				"north":{"uv":[5,5,7,6],"texture":"#all"},
				"east":{"uv":[1,5,3,6],"texture":"#all"},
				"south":{"uv":[13,5,15,6],"texture":"#all"},
				"west":{"uv":[9,5,11,6],"texture":"#all"},
				"up":{"uv":[9,2,11,4],"texture":"#all"}
			}
		},
		{
			"from":[7.5,5.2,11],
			"to":[8.5,8.7,11],
			"shade":false,
			"light_emission":15,
			"rotation":{"angle":45,"axis":"y","origin":[8,8,11],"rescale":true},
			"faces":{
				"north":{"uv":[1,0,3,5],"texture":"#all"},
				"south":{"uv":[13,0,15,5],"texture":"#all"}
			}
		},
		{
			"from":[8,5.2,10.5],
			"to":[8,8.7,11.5],
			"shade":false,
			"light_emission":15,
			"rotation":{"angle":45,"axis":"y","origin":[8,8,11],"rescale":true},
			"faces":{
				"east":{"uv":[13,0,15,5],"texture":"#all"},
				"west":{"uv":[1,0,3,5],"texture":"#all"}
			}
		},
		{
			"from":[3.5,3.2,4],
			"to":[4.5,6.7,4],
			"shade":false,
			"light_emission":15,
			"rotation":{"angle":45,"axis":"y","origin":[4,8,4],"rescale":true},
			"faces":{
				"north":{"uv":[1,0,3,5],"texture":"#all"},
				"south":{"uv":[13,0,15,5],"texture":"#all"}
			}
		},
		{
			"from":[4,3.2,3.5],
			"to":[4,6.7,4.5],
			"shade":false,
			"light_emission":15,
			"rotation":{"angle":45,"axis":"y","origin":[4,8,4],"rescale":true},
			"faces":{
				"east":{"uv":[13,0,15,5],"texture":"#all"},
				"west":{"uv":[1,0,3,5],"texture":"#all"}
			}
		},
		{
			"from":[9.5,5.2,6],
			"to":[10.5,8.7,6],
			"shade":false,
			"light_emission":15,
			"rotation":{"angle":45,"axis":"y","origin":[10,8,6],"rescale":true},
			"faces":{
				"north":{"uv":[1,0,3,5],"texture":"#all"},
				"south":{"uv":[13,0,15,5],"texture":"#all"}
			}
		},
		{
			"from":[10,5.2,5.5],
			"to":[10,8.7,6.5],
			"shade":false,
			"light_emission":15,
			"rotation":{"angle":45,"axis":"y","origin":[10,8,6],"rescale":true},
			"faces":{
				"east":{"uv":[13,0,15,5],"texture":"#all"},
				"west":{"uv":[1,0,3,5],"texture":"#all"}
			}
		}
	]
}