{
	"credit": "Made with Blockbench",
	"parent": "block/block",
	"texture_size": [8, 8],
	"textures": {
		"particle": "#leaves"
	},
	"elements": [
		{
			"from": [0, 0, 0],
			"to": [16, 16, 16],
			"faces": {
				"north": {"uv": [4, 4, 12, 12], "texture": "#leaves", "cullface": "north", "tintindex": 0},
				"east": {"uv": [4, 4, 12, 12], "texture": "#leaves", "cullface": "east", "tintindex": 0},
				"south": {"uv": [4, 4, 12, 12], "texture": "#leaves", "cullface": "south", "tintindex": 0},
				"west": {"uv": [4, 4, 12, 12], "texture": "#leaves", "cullface": "west", "tintindex": 0},
				"up": {"uv": [4, 4, 12, 12], "texture": "#leaves", "cullface": "up", "tintindex": 0},
				"down": {"uv": [4, 4, 12, 12], "texture": "#leaves", "cullface": "down", "tintindex": 0}
			}
		},
		{
			"from": [5.54955, -8, -7.70809],
			"to": [5.54955, 24, 24.29191],
			"shade": false,
			"rotation": {"angle": -22.5, "axis": "y", "origin": [7.54955, 8, 7.29191]},
			"faces": {
				"east": {"uv": [0, 0, 16, 16], "texture": "#leaves", "tintindex": 0},
				"west": {"uv": [0, 0, 16, 16], "texture": "#leaves", "tintindex": 0}
			}
		},
		{
			"from": [-7.45045, -8, 10.29191],
			"to": [24.54955, 24, 10.29191],
			"shade": false,
			"rotation": {"angle": -22.5, "axis": "y", "origin": [7.54955, 8, 7.29191]},
			"faces": {
				"north": {"uv": [0, 0, 16, 16], "texture": "#leaves", "tintindex": 0},
				"south": {"uv": [0, 0, 16, 16], "texture": "#leaves", "tintindex": 0}
			}
		}
	],
	"display": {}
}