{
	"credit": "Made with Blockbench",
	"parent": "block/block",
	"texture_size": [32, 32],
	"textures": {
		"particle": "#all"
	},
	"elements": [
		{
			"name": "block",
			"from": [0, 0, 0],
			"to": [16, 16, 16],
			"shade": false,
			"faces": {
				"north": {"uv": [0, 0, 16, 16], "texture": "#all", "cullface": "north", "tintindex": 0},
				"east": {"uv": [0, 0, 16, 16], "texture": "#all", "cullface": "east", "tintindex": 0},
				"south": {"uv": [0, 0, 16, 16], "texture": "#all", "cullface": "south", "tintindex": 0},
				"west": {"uv": [0, 0, 16, 16], "texture": "#all", "cullface": "west", "tintindex": 0},
				"up": {"uv": [0, 0, 16, 16], "texture": "#all", "cullface": "up", "tintindex": 0},
				"down": {"uv": [0, 0, 16, 16], "texture": "#all", "cullface": "down", "tintindex": 0}
			}
		},
		{
			"from": [8, 5, 9],
			"to": [8, 16, 25],
			"shade": false,
			"rotation": {"angle": -22.5, "axis": "y", "origin": [8, 0, 8]},
			"faces": {
				"east": {"uv": [1, 2.5, 9, 8], "texture": "#bushy_top", "cullface": "south", "tintindex": 0},
				"west": {"uv": [7.5, 2.5, 15.5, 8], "texture": "#bushy_top", "cullface": "south", "tintindex": 0}
			}
		},
		{
			"from": [-9, 5, 8],
			"to": [7, 16, 8],
			"shade": false,
			"rotation": {"angle": -22.5, "axis": "y", "origin": [8, 18, 8]},
			"faces": {
				"north": {"uv": [8, 2.5, 16, 8], "texture": "#bushy_top", "cullface": "west", "tintindex": 0},
				"south": {"uv": [0, 2.5, 8, 8], "texture": "#bushy_top", "cullface": "west", "tintindex": 0}
			}
		},
		{
			"from": [9, 5, 8],
			"to": [25, 16, 8],
			"shade": false,
			"rotation": {"angle": -22.5, "axis": "y", "origin": [8, 18, 8]},
			"faces": {
				"north": {"uv": [0, 2.5, 8, 8], "texture": "#bushy_top", "cullface": "east", "tintindex": 0},
				"south": {"uv": [8, 2.5, 16, 8], "texture": "#bushy_top", "cullface": "east", "tintindex": 0}
			}
		},
		{
			"from": [8, 5, -9],
			"to": [8, 16, 7],
			"shade": false,
			"rotation": {"angle": -22.5, "axis": "y", "origin": [8, 0, 8]},
			"faces": {
				"east": {"uv": [7.5, 2.5, 15.5, 8], "texture": "#bushy_top", "cullface": "north", "tintindex": 0},
				"west": {"uv": [1, 2.5, 9, 8], "texture": "#bushy_top", "cullface": "north", "tintindex": 0}
			}
		},
		{
			"from": [8, 0, -9],
			"to": [8, 11, 7],
			"shade": false,
			"rotation": {"angle": 22.5, "axis": "y", "origin": [8, 0, 8]},
			"faces": {
				"east": {"uv": [8, 7.5, 16, 13], "texture": "#bushy_bottom", "cullface": "north", "tintindex": 0},
				"west": {"uv": [0, 7.5, 8, 13], "texture": "#bushy_bottom", "cullface": "north", "tintindex": 0}
			}
		},
		{
			"from": [8, 0, 9],
			"to": [8, 11, 25],
			"shade": false,
			"rotation": {"angle": 22.5, "axis": "y", "origin": [8, 0, 8]},
			"faces": {
				"east": {"uv": [0, 7.5, 8, 13], "texture": "#bushy_bottom", "cullface": "south", "tintindex": 0},
				"west": {"uv": [8, 7.5, 16, 13], "texture": "#bushy_bottom", "cullface": "south", "tintindex": 0}
			}
		},
		{
			"from": [-9, 0, 8],
			"to": [7, 11, 8],
			"shade": false,
			"rotation": {"angle": 22.5, "axis": "y", "origin": [8, 5.5, 8]},
			"faces": {
				"north": {"uv": [8, 7.5, 16, 13], "texture": "#bushy_bottom", "cullface": "west", "tintindex": 0},
				"south": {"uv": [0, 7.5, 8, 13], "texture": "#bushy_bottom", "cullface": "west", "tintindex": 0}
			}
		},
		{
			"from": [9, 0, 8],
			"to": [25, 11, 8],
			"shade": false,
			"rotation": {"angle": 22.5, "axis": "y", "origin": [8, 5.5, 8]},
			"faces": {
				"north": {"uv": [0, 7.5, 8, 13], "texture": "#bushy_bottom", "cullface": "east", "tintindex": 0},
				"south": {"uv": [8, 7.5, 16, 13], "texture": "#bushy_bottom", "cullface": "east", "tintindex": 0}
			}
		},
		{
			"from": [8, 16, -8],
			"to": [8, 21, 8],
			"shade": false,
			"rotation": {"angle": -22.5, "axis": "y", "origin": [8, 0, 8]},
			"faces": {
				"east": {"uv": [8, 0, 16, 2.5], "texture": "#bushy_top", "cullface": "up", "tintindex": 0},
				"west": {"uv": [0, 0, 8, 2.5], "texture": "#bushy_top", "cullface": "up", "tintindex": 0}
			}
		},
		{
			"from": [8, 16, 8],
			"to": [8, 21, 24],
			"shade": false,
			"rotation": {"angle": -22.5, "axis": "y", "origin": [8, 0, 8]},
			"faces": {
				"east": {"uv": [0, 0, 8, 2.5], "texture": "#bushy_top", "cullface": "up", "tintindex": 0},
				"west": {"uv": [8, 0, 16, 2.5], "texture": "#bushy_top", "cullface": "up", "tintindex": 0}
			}
		},
		{
			"from": [-8, 16, 8],
			"to": [8, 21, 8],
			"shade": false,
			"rotation": {"angle": -22.5, "axis": "y", "origin": [8, 18, 8]},
			"faces": {
				"north": {"uv": [8, 0, 16, 2.5], "texture": "#bushy_top", "cullface": "up", "tintindex": 0},
				"south": {"uv": [0, 0, 8, 2.5], "texture": "#bushy_top", "cullface": "up", "tintindex": 0}
			}
		},
		{
			"from": [8, 16, 8],
			"to": [24, 21, 8],
			"shade": false,
			"rotation": {"angle": -22.5, "axis": "y", "origin": [8, 18, 8]},
			"faces": {
				"north": {"uv": [0, 0, 8, 2.5], "texture": "#bushy_top", "cullface": "up", "tintindex": 0},
				"south": {"uv": [8, 0, 16, 2.5], "texture": "#bushy_top", "cullface": "up", "tintindex": 0}
			}
		},
		{
			"from": [-8, -6, 8],
			"to": [8, 0, 8],
			"shade": false,
			"rotation": {"angle": 22.5, "axis": "y", "origin": [8, 3.5, 8]},
			"faces": {
				"north": {"uv": [8, 13, 16, 16], "texture": "#bushy_bottom", "cullface": "down", "tintindex": 0},
				"south": {"uv": [0, 13, 8, 16], "texture": "#bushy_bottom", "cullface": "down", "tintindex": 0}
			}
		},
		{
			"from": [8, -6, 8],
			"to": [24, 0, 8],
			"shade": false,
			"rotation": {"angle": 22.5, "axis": "y", "origin": [8, 3.5, 8]},
			"faces": {
				"north": {"uv": [0, 13, 8, 16], "texture": "#bushy_bottom", "cullface": "down", "tintindex": 0},
				"south": {"uv": [8, 13, 16, 16], "texture": "#bushy_bottom", "cullface": "down", "tintindex": 0}
			}
		},
		{
			"from": [8, -6, 8],
			"to": [8, 0, 24],
			"shade": false,
			"rotation": {"angle": 22.5, "axis": "y", "origin": [8, -2, 8]},
			"faces": {
				"east": {"uv": [0, 13, 8, 16], "texture": "#bushy_bottom", "cullface": "down", "tintindex": 0},
				"west": {"uv": [8, 13, 16, 16], "texture": "#bushy_bottom", "cullface": "down", "tintindex": 0}
			}
		},
		{
			"from": [8, -6, -8],
			"to": [8, 0, 8],
			"shade": false,
			"rotation": {"angle": 22.5, "axis": "y", "origin": [8, -2, 8]},
			"faces": {
				"east": {"uv": [8, 13, 16, 16], "texture": "#bushy_bottom", "cullface": "down", "tintindex": 0},
				"west": {"uv": [0, 13, 8, 16], "texture": "#bushy_bottom", "cullface": "down", "tintindex": 0}
			}
		}
	],
	"display": {
		"thirdperson_righthand": {
			"rotation": [75, 45, 0],
			"translation": [0, 2.5, 0],
			"scale": [0.375, 0.375, 0.375]
		},
		"thirdperson_lefthand": {
			"rotation": [75, 45, 0],
			"translation": [0, 2.5, 0],
			"scale": [0.375, 0.375, 0.375]
		},
		"firstperson_righthand": {
			"rotation": [0, 45, 0],
			"scale": [0.4, 0.4, 0.4]
		},
		"firstperson_lefthand": {
			"rotation": [0, 225, 0],
			"scale": [0.4, 0.4, 0.4]
		},
		"ground": {
			"translation": [0, 3, 0],
			"scale": [0.25, 0.25, 0.25]
		},
		"gui": {
			"rotation": [30, 225, 0],
			"scale": [0.5, 0.5, 0.5]
		},
		"fixed": {
			"scale": [0.5, 0.5, 0.5]
		}
	},
	"groups": [0,
		{
			"name": "group",
			"origin": [8, 0, 8],
			"color": 0,
			"children": [1, 2, 3, 4]
		},
		{
			"name": "group",
			"origin": [8, 5.5, 8],
			"color": 0,
			"children": [5, 6, 7, 8]
		},
		{
			"name": "group",
			"origin": [8, 0, 8],
			"color": 0,
			"children": [9, 10, 11, 12]
		},
		{
			"name": "group",
			"origin": [8, 3.5, 8],
			"color": 0,
			"children": [13, 14, 15, 16]
		}
	]
}