{
  "variants": {
    "color=0,persistent=false,waterlogged=false": [
			{ "model": "aether_redux:block/fieldsproot_leaves_0" },
			{ "model": "aether_redux:block/fieldsproot_leaves_0", "y": 90 },
			{ "model": "aether_redux:block/fieldsproot_leaves_0", "x": 90 },
			{ "model": "aether_redux:block/fieldsproot_leaves_0", "x": 90, "y": 90 }
		],
    "color=0,persistent=false,waterlogged=true": [
			{ "model": "aether_redux:block/fieldsproot_leaves_0" },
			{ "model": "aether_redux:block/fieldsproot_leaves_0", "y": 90 },
			{ "model": "aether_redux:block/fieldsproot_leaves_0", "x": 90 },
			{ "model": "aether_redux:block/fieldsproot_leaves_0", "x": 90, "y": 90 }
		],
    "color=0,persistent=true,waterlogged=false": [
			{ "model": "aether_redux:block/fieldsproot_leaves_0" },
			{ "model": "aether_redux:block/fieldsproot_leaves_0", "y": 90 },
			{ "model": "aether_redux:block/fieldsproot_leaves_0", "x": 90 },
			{ "model": "aether_redux:block/fieldsproot_leaves_0", "x": 90, "y": 90 }
		],
    "color=0,persistent=true,waterlogged=true": [
			{ "model": "aether_redux:block/fieldsproot_leaves_0" },
			{ "model": "aether_redux:block/fieldsproot_leaves_0", "y": 90 },
			{ "model": "aether_redux:block/fieldsproot_leaves_0", "x": 90 },
			{ "model": "aether_redux:block/fieldsproot_leaves_0", "x": 90, "y": 90 }
		],
    "color=1,persistent=false,waterlogged=false": [
			{ "model": "aether_redux:block/fieldsproot_leaves_1" },
			{ "model": "aether_redux:block/fieldsproot_leaves_1", "y": 90 },
			{ "model": "aether_redux:block/fieldsproot_leaves_1", "x": 90 },
			{ "model": "aether_redux:block/fieldsproot_leaves_1", "x": 90, "y": 90 }
		],
    "color=1,persistent=false,waterlogged=true": [
			{ "model": "aether_redux:block/fieldsproot_leaves_1" },
			{ "model": "aether_redux:block/fieldsproot_leaves_1", "y": 90 },
			{ "model": "aether_redux:block/fieldsproot_leaves_1", "x": 90 },
			{ "model": "aether_redux:block/fieldsproot_leaves_1", "x": 90, "y": 90 }
		],
    "color=1,persistent=true,waterlogged=false": [
			{ "model": "aether_redux:block/fieldsproot_leaves_1" },
			{ "model": "aether_redux:block/fieldsproot_leaves_1", "y": 90 },
			{ "model": "aether_redux:block/fieldsproot_leaves_1", "x": 90 },
			{ "model": "aether_redux:block/fieldsproot_leaves_1", "x": 90, "y": 90 }
		],
    "color=1,persistent=true,waterlogged=true": [
			{ "model": "aether_redux:block/fieldsproot_leaves_1" },
			{ "model": "aether_redux:block/fieldsproot_leaves_1", "y": 90 },
			{ "model": "aether_redux:block/fieldsproot_leaves_1", "x": 90 },
			{ "model": "aether_redux:block/fieldsproot_leaves_1", "x": 90, "y": 90 }
		],
    "color=2,persistent=false,waterlogged=false": [
			{ "model": "aether_redux:block/fieldsproot_leaves_2" },
			{ "model": "aether_redux:block/fieldsproot_leaves_2", "y": 90 },
			{ "model": "aether_redux:block/fieldsproot_leaves_2", "x": 90 },
			{ "model": "aether_redux:block/fieldsproot_leaves_2", "x": 90, "y": 90 }
		],
    "color=2,persistent=false,waterlogged=true": [
			{ "model": "aether_redux:block/fieldsproot_leaves_2" },
			{ "model": "aether_redux:block/fieldsproot_leaves_2", "y": 90 },
			{ "model": "aether_redux:block/fieldsproot_leaves_2", "x": 90 },
			{ "model": "aether_redux:block/fieldsproot_leaves_2", "x": 90, "y": 90 }
		],
    "color=2,persistent=true,waterlogged=false": [
			{ "model": "aether_redux:block/fieldsproot_leaves_2" },
			{ "model": "aether_redux:block/fieldsproot_leaves_2", "y": 90 },
			{ "model": "aether_redux:block/fieldsproot_leaves_2", "x": 90 },
			{ "model": "aether_redux:block/fieldsproot_leaves_2", "x": 90, "y": 90 }
		],
    "color=2,persistent=true,waterlogged=true": [
			{ "model": "aether_redux:block/fieldsproot_leaves_2" },
			{ "model": "aether_redux:block/fieldsproot_leaves_2", "y": 90 },
			{ "model": "aether_redux:block/fieldsproot_leaves_2", "x": 90 },
			{ "model": "aether_redux:block/fieldsproot_leaves_2", "x": 90, "y": 90 }
		],
    "color=3,persistent=false,waterlogged=false": [
			{ "model": "aether_redux:block/fieldsproot_leaves_3" },
			{ "model": "aether_redux:block/fieldsproot_leaves_3", "y": 90 },
			{ "model": "aether_redux:block/fieldsproot_leaves_3", "x": 90 },
			{ "model": "aether_redux:block/fieldsproot_leaves_3", "x": 90, "y": 90 }
		],
    "color=3,persistent=false,waterlogged=true": [
			{ "model": "aether_redux:block/fieldsproot_leaves_3" },
			{ "model": "aether_redux:block/fieldsproot_leaves_3", "y": 90 },
			{ "model": "aether_redux:block/fieldsproot_leaves_3", "x": 90 },
			{ "model": "aether_redux:block/fieldsproot_leaves_3", "x": 90, "y": 90 }
		],
    "color=3,persistent=true,waterlogged=false": [
			{ "model": "aether_redux:block/fieldsproot_leaves_3" },
			{ "model": "aether_redux:block/fieldsproot_leaves_3", "y": 90 },
			{ "model": "aether_redux:block/fieldsproot_leaves_3", "x": 90 },
			{ "model": "aether_redux:block/fieldsproot_leaves_3", "x": 90, "y": 90 }
		],
    "color=3,persistent=true,waterlogged=true": [
			{ "model": "aether_redux:block/fieldsproot_leaves_3" },
			{ "model": "aether_redux:block/fieldsproot_leaves_3", "y": 90 },
			{ "model": "aether_redux:block/fieldsproot_leaves_3", "x": 90 },
			{ "model": "aether_redux:block/fieldsproot_leaves_3", "x": 90, "y": 90 }
		],
    "color=4,persistent=false,waterlogged=false": [
			{ "model": "aether_redux:block/fieldsproot_leaves_4" },
			{ "model": "aether_redux:block/fieldsproot_leaves_4", "y": 90 },
			{ "model": "aether_redux:block/fieldsproot_leaves_4", "x": 90 },
			{ "model": "aether_redux:block/fieldsproot_leaves_4", "x": 90, "y": 90 }
		],
    "color=4,persistent=false,waterlogged=true": [
			{ "model": "aether_redux:block/fieldsproot_leaves_4" },
			{ "model": "aether_redux:block/fieldsproot_leaves_4", "y": 90 },
			{ "model": "aether_redux:block/fieldsproot_leaves_4", "x": 90 },
			{ "model": "aether_redux:block/fieldsproot_leaves_4", "x": 90, "y": 90 }
		],
    "color=4,persistent=true,waterlogged=false": [
			{ "model": "aether_redux:block/fieldsproot_leaves_4" },
			{ "model": "aether_redux:block/fieldsproot_leaves_4", "y": 90 },
			{ "model": "aether_redux:block/fieldsproot_leaves_4", "x": 90 },
			{ "model": "aether_redux:block/fieldsproot_leaves_4", "x": 90, "y": 90 }
		],
    "color=4,persistent=true,waterlogged=true": [
			{ "model": "aether_redux:block/fieldsproot_leaves_4" },
			{ "model": "aether_redux:block/fieldsproot_leaves_4", "y": 90 },
			{ "model": "aether_redux:block/fieldsproot_leaves_4", "x": 90 },
			{ "model": "aether_redux:block/fieldsproot_leaves_4", "x": 90, "y": 90 }
		],
    "color=5,persistent=false,waterlogged=false": [
			{ "model": "aether_redux:block/fieldsproot_leaves_5" },
			{ "model": "aether_redux:block/fieldsproot_leaves_5", "y": 90 },
			{ "model": "aether_redux:block/fieldsproot_leaves_5", "x": 90 },
			{ "model": "aether_redux:block/fieldsproot_leaves_5", "x": 90, "y": 90 }
		],
    "color=5,persistent=false,waterlogged=true": [
			{ "model": "aether_redux:block/fieldsproot_leaves_5" },
			{ "model": "aether_redux:block/fieldsproot_leaves_5", "y": 90 },
			{ "model": "aether_redux:block/fieldsproot_leaves_5", "x": 90 },
			{ "model": "aether_redux:block/fieldsproot_leaves_5", "x": 90, "y": 90 }
		],
    "color=5,persistent=true,waterlogged=false": [
			{ "model": "aether_redux:block/fieldsproot_leaves_5" },
			{ "model": "aether_redux:block/fieldsproot_leaves_5", "y": 90 },
			{ "model": "aether_redux:block/fieldsproot_leaves_5", "x": 90 },
			{ "model": "aether_redux:block/fieldsproot_leaves_5", "x": 90, "y": 90 }
		],
    "color=5,persistent=true,waterlogged=true": [
			{ "model": "aether_redux:block/fieldsproot_leaves_5" },
			{ "model": "aether_redux:block/fieldsproot_leaves_5", "y": 90 },
			{ "model": "aether_redux:block/fieldsproot_leaves_5", "x": 90 },
			{ "model": "aether_redux:block/fieldsproot_leaves_5", "x": 90, "y": 90 }
		],
    "color=6,persistent=false,waterlogged=false": [
			{ "model": "aether_redux:block/fieldsproot_leaves_6" },
			{ "model": "aether_redux:block/fieldsproot_leaves_6", "y": 90 },
			{ "model": "aether_redux:block/fieldsproot_leaves_6", "x": 90 },
			{ "model": "aether_redux:block/fieldsproot_leaves_6", "x": 90, "y": 90 }
		],
    "color=6,persistent=false,waterlogged=true": [
			{ "model": "aether_redux:block/fieldsproot_leaves_6" },
			{ "model": "aether_redux:block/fieldsproot_leaves_6", "y": 90 },
			{ "model": "aether_redux:block/fieldsproot_leaves_6", "x": 90 },
			{ "model": "aether_redux:block/fieldsproot_leaves_6", "x": 90, "y": 90 }
		],
    "color=6,persistent=true,waterlogged=false": [
			{ "model": "aether_redux:block/fieldsproot_leaves_6" },
			{ "model": "aether_redux:block/fieldsproot_leaves_6", "y": 90 },
			{ "model": "aether_redux:block/fieldsproot_leaves_6", "x": 90 },
			{ "model": "aether_redux:block/fieldsproot_leaves_6", "x": 90, "y": 90 }
		],
    "color=6,persistent=true,waterlogged=true": [
			{ "model": "aether_redux:block/fieldsproot_leaves_6" },
			{ "model": "aether_redux:block/fieldsproot_leaves_6", "y": 90 },
			{ "model": "aether_redux:block/fieldsproot_leaves_6", "x": 90 },
			{ "model": "aether_redux:block/fieldsproot_leaves_6", "x": 90, "y": 90 }
		]
  }
}