{
  "variants": {
    "": [
      { "model": "block/cherry_leaves" },
      { "model": "block/cherry_leaves", "y": 90 },
      { "model": "block/cherry_leaves", "y": 180 },
      { "model": "block/cherry_leaves", "y": 270 },
      { "model": "block/cherry_leaves", "x": 180 },
      { "model": "block/cherry_leaves", "x": 180, "y": 90 },
      { "model": "block/cherry_leaves", "x": 180, "y": 180 },
      { "model": "block/cherry_leaves", "x": 180, "y": 270 },
	  
	  { "model": "block/cherry_leaves2" },
      { "model": "block/cherry_leaves2", "y": 90 },
      { "model": "block/cherry_leaves2", "y": 180 },
      { "model": "block/cherry_leaves2", "y": 270 },
      { "model": "block/cherry_leaves2", "x": 180 },
      { "model": "block/cherry_leaves2", "x": 180, "y": 90 },
      { "model": "block/cherry_leaves2", "x": 180, "y": 180 },
      { "model": "block/cherry_leaves2", "x": 180, "y": 270 },
	  
	  { "model": "block/cherry_leaves3" },
      { "model": "block/cherry_leaves3", "y": 90 },
      { "model": "block/cherry_leaves3", "y": 180 },
      { "model": "block/cherry_leaves3", "y": 270 },
      { "model": "block/cherry_leaves3", "x": 180 },
      { "model": "block/cherry_leaves3", "x": 180, "y": 90 },
      { "model": "block/cherry_leaves3", "x": 180, "y": 180 },
      { "model": "block/cherry_leaves3", "x": 180, "y": 270 },
	  
	  { "model": "block/cherry_leaves4" },
      { "model": "block/cherry_leaves4", "y": 90 },
      { "model": "block/cherry_leaves4", "y": 180 },
      { "model": "block/cherry_leaves4", "y": 270 },
      { "model": "block/cherry_leaves4", "x": 180 },
      { "model": "block/cherry_leaves4", "x": 180, "y": 90 },
      { "model": "block/cherry_leaves4", "x": 180, "y": 180 },
      { "model": "block/cherry_leaves4", "x": 180, "y": 270 },
	  
	  { "model": "block/cherry_leaves5" },
      { "model": "block/cherry_leaves5", "y": 90 },
      { "model": "block/cherry_leaves5", "y": 180 },
      { "model": "block/cherry_leaves5", "y": 270 },
      { "model": "block/cherry_leaves5", "x": 180 },
      { "model": "block/cherry_leaves5", "x": 180, "y": 90 },
      { "model": "block/cherry_leaves5", "x": 180, "y": 180 },
      { "model": "block/cherry_leaves5", "x": 180, "y": 270 }
    ]
  }
}

