{
    "variants": {
        "": [
			{ "model": "berries_and_cherries:block/cherry_leaves" },
			{ "model": "berries_and_cherries:block/cherry_leaves", "y": 90 },
			{ "model": "berries_and_cherries:block/cherry_leaves", "x": 90 },
			{ "model": "berries_and_cherries:block/cherry_leaves", "x": 90, "y": 90 },

			{ "model": "berries_and_cherries:block/cherry_leaves2" },
			{ "model": "berries_and_cherries:block/cherry_leaves2", "y": 90 },
			{ "model": "berries_and_cherries:block/cherry_leaves2", "x": 90 },
			{ "model": "berries_and_cherries:block/cherry_leaves2", "x": 90, "y": 90 },

			{ "model": "berries_and_cherries:block/cherry_leaves3" },
			{ "model": "berries_and_cherries:block/cherry_leaves3", "y": 90 },
			{ "model": "berries_and_cherries:block/cherry_leaves3", "x": 90 },
			{ "model": "berries_and_cherries:block/cherry_leaves3", "x": 90, "y": 90 },

			{ "model": "berries_and_cherries:block/cherry_leaves4" },
			{ "model": "berries_and_cherries:block/cherry_leaves4", "y": 90 },
			{ "model": "berries_and_cherries:block/cherry_leaves4", "x": 90 },
			{ "model": "berries_and_cherries:block/cherry_leaves4", "x": 90, "y": 90 },

			{ "model": "berries_and_cherries:block/cherry_leaves5" },
			{ "model": "berries_and_cherries:block/cherry_leaves5", "y": 90 },
			{ "model": "berries_and_cherries:block/cherry_leaves5", "x": 90 },
			{ "model": "berries_and_cherries:block/cherry_leaves5", "x": 90, "y": 90 }
		]
    }
}