{
	"credit": "Made with Blockbench",
	"parent": "block/block",
	"textures": {
		"2": "aylyth:block/pomegranate_fruit_details"
	},
	"elements": [
		{
			"from": [3, 1, 4],
			"to": [7, 6, 4],
			"rotation": {"angle": 45, "axis": "y", "origin": [5, 6, 4]},
			"faces": {
				"north": {"uv": [0, 0, 4, 5], "texture": "#2"},
				"east": {"uv": [0, 0, 0, 5], "texture": "#2"},
				"south": {"uv": [4, 0, 0, 5], "texture": "#2"},
				"west": {"uv": [0, 0, 0, 5], "texture": "#2"},
				"up": {"uv": [0, 0, 4, 0], "texture": "#2"},
				"down": {"uv": [0, 0, 4, 0], "texture": "#2"}
			}
		},
		{
			"from": [3, 1, 4],
			"to": [7, 6, 4],
			"rotation": {"angle": -45, "axis": "y", "origin": [5, 6, 4]},
			"faces": {
				"north": {"uv": [0, 0, 4, 5], "texture": "#2"},
				"east": {"uv": [0, 0, 0, 5], "texture": "#2"},
				"south": {"uv": [4, 0, 0, 5], "texture": "#2"},
				"west": {"uv": [0, 0, 0, 5], "texture": "#2"},
				"up": {"uv": [0, 0, 4, 0], "texture": "#2"},
				"down": {"uv": [0, 0, 4, 0], "texture": "#2"}
			}
		},
		{
			"name": "petal01",
			"from": [3.5, 2, 1.25],
			"to": [6.5, 2, 6.25],
			"rotation": {"angle": -22.5, "axis": "x", "origin": [5, 2, 4]},
			"faces": {
				"north": {"uv": [0, 0, 3, 0], "texture": "#2"},
				"east": {"uv": [0, 0, 5, 0], "texture": "#2"},
				"south": {"uv": [0, 0, 3, 0], "texture": "#2"},
				"west": {"uv": [0, 0, 5, 0], "texture": "#2"},
				"up": {"uv": [5, 0, 8, 5], "texture": "#2"},
				"down": {"uv": [5, 0, 8, 5], "texture": "#2"}
			}
		},
		{
			"name": "petal02",
			"from": [3, 2, 2.5],
			"to": [8, 2, 5.5],
			"rotation": {"angle": -22.5, "axis": "z", "origin": [5, 2, 4]},
			"faces": {
				"north": {"uv": [0, 0, 5, 0], "texture": "#2"},
				"east": {"uv": [0, 0, 3, 0], "texture": "#2"},
				"south": {"uv": [0, 0, 5, 0], "texture": "#2"},
				"west": {"uv": [0, 0, 3, 0], "texture": "#2"},
				"up": {"uv": [5, 0, 8, 5], "rotation": 90, "texture": "#2"},
				"down": {"uv": [5, 0, 8, 5], "rotation": 270, "texture": "#2"}
			}
		},
		{
			"name": "petal03",
			"from": [3.5, 2, 2],
			"to": [6.5, 2, 7],
			"rotation": {"angle": 22.5, "axis": "x", "origin": [5, 2, 4]},
			"faces": {
				"north": {"uv": [0, 0, 3, 0], "texture": "#2"},
				"east": {"uv": [0, 0, 5, 0], "texture": "#2"},
				"south": {"uv": [0, 0, 3, 0], "texture": "#2"},
				"west": {"uv": [0, 0, 5, 0], "texture": "#2"},
				"up": {"uv": [5, 0, 8, 5], "rotation": 180, "texture": "#2"},
				"down": {"uv": [5, 0, 8, 5], "rotation": 180, "texture": "#2"}
			}
		},
		{
			"name": "petal04",
			"from": [2, 2, 2.5],
			"to": [7, 2, 5.5],
			"rotation": {"angle": 22.5, "axis": "z", "origin": [5, 2, 4]},
			"faces": {
				"north": {"uv": [0, 0, 5, 0], "texture": "#2"},
				"east": {"uv": [0, 0, 3, 0], "texture": "#2"},
				"south": {"uv": [0, 0, 5, 0], "texture": "#2"},
				"west": {"uv": [0, 0, 3, 0], "texture": "#2"},
				"up": {"uv": [5, 0, 8, 5], "rotation": 270, "texture": "#2"},
				"down": {"uv": [5, 0, 8, 5], "rotation": 90, "texture": "#2"}
			}
		},
		{
			"from": [8, -4, 4],
			"to": [12, 1, 4],
			"rotation": {"angle": 45, "axis": "y", "origin": [10, 1, 4]},
			"faces": {
				"north": {"uv": [0, 0, 4, 5], "texture": "#2"},
				"east": {"uv": [0, 0, 0, 5], "texture": "#2"},
				"south": {"uv": [4, 0, 0, 5], "texture": "#2"},
				"west": {"uv": [0, 0, 0, 5], "texture": "#2"},
				"up": {"uv": [0, 0, 4, 0], "texture": "#2"},
				"down": {"uv": [0, 0, 4, 0], "texture": "#2"}
			}
		},
		{
			"from": [8, -4, 4],
			"to": [12, 1, 4],
			"rotation": {"angle": -45, "axis": "y", "origin": [10, 1, 4]},
			"faces": {
				"north": {"uv": [0, 0, 4, 5], "texture": "#2"},
				"east": {"uv": [0, 0, 0, 5], "texture": "#2"},
				"south": {"uv": [4, 0, 0, 5], "texture": "#2"},
				"west": {"uv": [0, 0, 0, 5], "texture": "#2"},
				"up": {"uv": [0, 0, 4, 0], "texture": "#2"},
				"down": {"uv": [0, 0, 4, 0], "texture": "#2"}
			}
		},
		{
			"name": "petal01",
			"from": [8.5, -3, 1.25],
			"to": [11.5, -3, 6.25],
			"rotation": {"angle": -22.5, "axis": "x", "origin": [10, -3, 4]},
			"faces": {
				"north": {"uv": [0, 0, 3, 0], "texture": "#2"},
				"east": {"uv": [0, 0, 5, 0], "texture": "#2"},
				"south": {"uv": [0, 0, 3, 0], "texture": "#2"},
				"west": {"uv": [0, 0, 5, 0], "texture": "#2"},
				"up": {"uv": [5, 0, 8, 5], "texture": "#2"},
				"down": {"uv": [5, 0, 8, 5], "texture": "#2"}
			}
		},
		{
			"name": "petal02",
			"from": [8, -3, 2.5],
			"to": [13, -3, 5.5],
			"rotation": {"angle": -22.5, "axis": "z", "origin": [10, -3, 4]},
			"faces": {
				"north": {"uv": [0, 0, 5, 0], "texture": "#2"},
				"east": {"uv": [0, 0, 3, 0], "texture": "#2"},
				"south": {"uv": [0, 0, 5, 0], "texture": "#2"},
				"west": {"uv": [0, 0, 3, 0], "texture": "#2"},
				"up": {"uv": [5, 0, 8, 5], "rotation": 90, "texture": "#2"},
				"down": {"uv": [5, 0, 8, 5], "rotation": 270, "texture": "#2"}
			}
		},
		{
			"name": "petal03",
			"from": [8.5, -3, 2],
			"to": [11.5, -3, 7],
			"rotation": {"angle": 22.5, "axis": "x", "origin": [10, -3, 4]},
			"faces": {
				"north": {"uv": [0, 0, 3, 0], "texture": "#2"},
				"east": {"uv": [0, 0, 5, 0], "texture": "#2"},
				"south": {"uv": [0, 0, 3, 0], "texture": "#2"},
				"west": {"uv": [0, 0, 5, 0], "texture": "#2"},
				"up": {"uv": [5, 0, 8, 5], "rotation": 180, "texture": "#2"},
				"down": {"uv": [5, 0, 8, 5], "rotation": 180, "texture": "#2"}
			}
		},
		{
			"name": "petal04",
			"from": [7, -3, 2.5],
			"to": [12, -3, 5.5],
			"rotation": {"angle": 22.5, "axis": "z", "origin": [10, -3, 4]},
			"faces": {
				"north": {"uv": [0, 0, 5, 0], "texture": "#2"},
				"east": {"uv": [0, 0, 3, 0], "texture": "#2"},
				"south": {"uv": [0, 0, 5, 0], "texture": "#2"},
				"west": {"uv": [0, 0, 3, 0], "texture": "#2"},
				"up": {"uv": [5, 0, 8, 5], "rotation": 270, "texture": "#2"},
				"down": {"uv": [5, 0, 8, 5], "rotation": 90, "texture": "#2"}
			}
		},
		{
			"from": [6, -5, 13],
			"to": [10, 0, 13],
			"rotation": {"angle": 45, "axis": "y", "origin": [8, 0, 13]},
			"faces": {
				"north": {"uv": [0, 0, 4, 5], "texture": "#2"},
				"east": {"uv": [0, 0, 0, 5], "texture": "#2"},
				"south": {"uv": [4, 0, 0, 5], "texture": "#2"},
				"west": {"uv": [0, 0, 0, 5], "texture": "#2"},
				"up": {"uv": [0, 0, 4, 0], "texture": "#2"},
				"down": {"uv": [0, 0, 4, 0], "texture": "#2"}
			}
		},
		{
			"from": [6, -5, 13],
			"to": [10, 0, 13],
			"rotation": {"angle": -45, "axis": "y", "origin": [8, 0, 13]},
			"faces": {
				"north": {"uv": [0, 0, 4, 5], "texture": "#2"},
				"east": {"uv": [0, 0, 0, 5], "texture": "#2"},
				"south": {"uv": [4, 0, 0, 5], "texture": "#2"},
				"west": {"uv": [0, 0, 0, 5], "texture": "#2"},
				"up": {"uv": [0, 0, 4, 0], "texture": "#2"},
				"down": {"uv": [0, 0, 4, 0], "texture": "#2"}
			}
		},
		{
			"name": "petal01",
			"from": [6.5, -4, 10.25],
			"to": [9.5, -4, 15.25],
			"rotation": {"angle": -22.5, "axis": "x", "origin": [8, -4, 13]},
			"faces": {
				"north": {"uv": [0, 0, 3, 0], "texture": "#2"},
				"east": {"uv": [0, 0, 5, 0], "texture": "#2"},
				"south": {"uv": [0, 0, 3, 0], "texture": "#2"},
				"west": {"uv": [0, 0, 5, 0], "texture": "#2"},
				"up": {"uv": [5, 0, 8, 5], "texture": "#2"},
				"down": {"uv": [5, 0, 8, 5], "texture": "#2"}
			}
		},
		{
			"name": "petal02",
			"from": [6, -4, 11.5],
			"to": [11, -4, 14.5],
			"rotation": {"angle": -22.5, "axis": "z", "origin": [8, -4, 13]},
			"faces": {
				"north": {"uv": [0, 0, 5, 0], "texture": "#2"},
				"east": {"uv": [0, 0, 3, 0], "texture": "#2"},
				"south": {"uv": [0, 0, 5, 0], "texture": "#2"},
				"west": {"uv": [0, 0, 3, 0], "texture": "#2"},
				"up": {"uv": [5, 0, 8, 5], "rotation": 90, "texture": "#2"},
				"down": {"uv": [5, 0, 8, 5], "rotation": 270, "texture": "#2"}
			}
		},
		{
			"name": "petal03",
			"from": [6.5, -4, 11],
			"to": [9.5, -4, 16],
			"rotation": {"angle": 22.5, "axis": "x", "origin": [8, -4, 13]},
			"faces": {
				"north": {"uv": [0, 0, 3, 0], "texture": "#2"},
				"east": {"uv": [0, 0, 5, 0], "texture": "#2"},
				"south": {"uv": [0, 0, 3, 0], "texture": "#2"},
				"west": {"uv": [0, 0, 5, 0], "texture": "#2"},
				"up": {"uv": [5, 0, 8, 5], "rotation": 180, "texture": "#2"},
				"down": {"uv": [5, 0, 8, 5], "rotation": 180, "texture": "#2"}
			}
		},
		{
			"name": "petal04",
			"from": [5, -4, 11.5],
			"to": [10, -4, 14.5],
			"rotation": {"angle": 22.5, "axis": "z", "origin": [8, -4, 13]},
			"faces": {
				"north": {"uv": [0, 0, 5, 0], "texture": "#2"},
				"east": {"uv": [0, 0, 3, 0], "texture": "#2"},
				"south": {"uv": [0, 0, 5, 0], "texture": "#2"},
				"west": {"uv": [0, 0, 3, 0], "texture": "#2"},
				"up": {"uv": [5, 0, 8, 5], "rotation": 270, "texture": "#2"},
				"down": {"uv": [5, 0, 8, 5], "rotation": 90, "texture": "#2"}
			}
		},
		{
			"from": [10, 3, 13],
			"to": [14, 8, 13],
			"rotation": {"angle": 45, "axis": "y", "origin": [12, 8, 13]},
			"faces": {
				"north": {"uv": [0, 0, 4, 5], "texture": "#2"},
				"east": {"uv": [0, 0, 0, 5], "texture": "#2"},
				"south": {"uv": [4, 0, 0, 5], "texture": "#2"},
				"west": {"uv": [0, 0, 0, 5], "texture": "#2"},
				"up": {"uv": [0, 0, 4, 0], "texture": "#2"},
				"down": {"uv": [0, 0, 4, 0], "texture": "#2"}
			}
		},
		{
			"from": [10, 3, 13],
			"to": [14, 8, 13],
			"rotation": {"angle": -45, "axis": "y", "origin": [12, 8, 13]},
			"faces": {
				"north": {"uv": [0, 0, 4, 5], "texture": "#2"},
				"east": {"uv": [0, 0, 0, 5], "texture": "#2"},
				"south": {"uv": [4, 0, 0, 5], "texture": "#2"},
				"west": {"uv": [0, 0, 0, 5], "texture": "#2"},
				"up": {"uv": [0, 0, 4, 0], "texture": "#2"},
				"down": {"uv": [0, 0, 4, 0], "texture": "#2"}
			}
		},
		{
			"name": "petal01",
			"from": [10.5, 4, 10.25],
			"to": [13.5, 4, 15.25],
			"rotation": {"angle": -22.5, "axis": "x", "origin": [12, 4, 13]},
			"faces": {
				"north": {"uv": [0, 0, 3, 0], "texture": "#2"},
				"east": {"uv": [0, 0, 5, 0], "texture": "#2"},
				"south": {"uv": [0, 0, 3, 0], "texture": "#2"},
				"west": {"uv": [0, 0, 5, 0], "texture": "#2"},
				"up": {"uv": [5, 0, 8, 5], "texture": "#2"},
				"down": {"uv": [5, 0, 8, 5], "texture": "#2"}
			}
		},
		{
			"name": "petal02",
			"from": [10, 4, 11.5],
			"to": [15, 4, 14.5],
			"rotation": {"angle": -22.5, "axis": "z", "origin": [12, 4, 13]},
			"faces": {
				"north": {"uv": [0, 0, 5, 0], "texture": "#2"},
				"east": {"uv": [0, 0, 3, 0], "texture": "#2"},
				"south": {"uv": [0, 0, 5, 0], "texture": "#2"},
				"west": {"uv": [0, 0, 3, 0], "texture": "#2"},
				"up": {"uv": [5, 0, 8, 5], "rotation": 90, "texture": "#2"},
				"down": {"uv": [5, 0, 8, 5], "rotation": 270, "texture": "#2"}
			}
		},
		{
			"name": "petal03",
			"from": [10.5, 4, 11],
			"to": [13.5, 4, 16],
			"rotation": {"angle": 22.5, "axis": "x", "origin": [12, 4, 13]},
			"faces": {
				"north": {"uv": [0, 0, 3, 0], "texture": "#2"},
				"east": {"uv": [0, 0, 5, 0], "texture": "#2"},
				"south": {"uv": [0, 0, 3, 0], "texture": "#2"},
				"west": {"uv": [0, 0, 5, 0], "texture": "#2"},
				"up": {"uv": [5, 0, 8, 5], "rotation": 180, "texture": "#2"},
				"down": {"uv": [5, 0, 8, 5], "rotation": 180, "texture": "#2"}
			}
		},
		{
			"name": "petal04",
			"from": [9, 4, 11.5],
			"to": [14, 4, 14.5],
			"rotation": {"angle": 22.5, "axis": "z", "origin": [12, 4, 13]},
			"faces": {
				"north": {"uv": [0, 0, 5, 0], "texture": "#2"},
				"east": {"uv": [0, 0, 3, 0], "texture": "#2"},
				"south": {"uv": [0, 0, 5, 0], "texture": "#2"},
				"west": {"uv": [0, 0, 3, 0], "texture": "#2"},
				"up": {"uv": [5, 0, 8, 5], "rotation": 270, "texture": "#2"},
				"down": {"uv": [5, 0, 8, 5], "rotation": 90, "texture": "#2"}
			}
		}
	],
	"groups": [
		{
			"name": "flower01",
			"origin": [8, 8, 8],
			"color": 0,
			"children": [0, 1, 2, 3, 4, 5]
		},
		{
			"name": "flower02",
			"origin": [8, 8, 8],
			"color": 0,
			"children": [6, 7, 8, 9, 10, 11]
		},
		{
			"name": "flower03",
			"origin": [8, 8, 8],
			"color": 0,
			"children": [12, 13, 14, 15, 16, 17]
		},
		{
			"name": "flower04",
			"origin": [8, 8, 8],
			"color": 0,
			"children": [18, 19, 20, 21, 22, 23]
		}
	]
}