{
	"credit": "Made with Blockbench",
	"parent": "block/block",
	"textures": {
		"2": "aylyth:block/pomegranate_fruit_details"
	},
	"elements": [
		{
			"from": [3, 1, 4],
			"to": [7, 6, 4],
			"rotation": {"angle": 45, "axis": "y", "origin": [5, 6, 4]},
			"faces": {
				"north": {"uv": [0, 11, 4, 16], "texture": "#2"},
				"east": {"uv": [0, 0, 0, 5], "texture": "#2"},
				"south": {"uv": [4, 11, 0, 16], "texture": "#2"},
				"west": {"uv": [0, 0, 0, 5], "texture": "#2"},
				"up": {"uv": [0, 0, 4, 0], "texture": "#2"},
				"down": {"uv": [0, 0, 4, 0], "texture": "#2"}
			}
		},
		{
			"from": [3, 1, 4],
			"to": [7, 6, 4],
			"rotation": {"angle": -45, "axis": "y", "origin": [5, 6, 4]},
			"faces": {
				"north": {"uv": [0, 11, 4, 16], "texture": "#2"},
				"east": {"uv": [0, 0, 0, 5], "texture": "#2"},
				"south": {"uv": [4, 11, 0, 16], "texture": "#2"},
				"west": {"uv": [0, 0, 0, 5], "texture": "#2"},
				"up": {"uv": [0, 0, 4, 0], "texture": "#2"},
				"down": {"uv": [0, 0, 4, 0], "texture": "#2"}
			}
		},
		{
			"from": [2.5, 3, 1.5],
			"to": [7.5, 8, 6.5],
			"rotation": {"angle": 0, "axis": "y", "origin": [5, 6, 4]},
			"faces": {
				"north": {"uv": [5, 11, 10, 16], "texture": "#2"},
				"east": {"uv": [5, 11, 10, 16], "texture": "#2"},
				"south": {"uv": [5, 11, 10, 16], "texture": "#2"},
				"west": {"uv": [5, 11, 10, 16], "texture": "#2"},
				"up": {"uv": [11, 0, 16, 5], "texture": "#2"},
				"down": {"uv": [11, 11, 16, 16], "texture": "#2"}
			}
		},
		{
			"from": [8, -4, 4],
			"to": [12, 1, 4],
			"rotation": {"angle": 45, "axis": "y", "origin": [10, 1, 4]},
			"faces": {
				"north": {"uv": [0, 11, 4, 16], "texture": "#2"},
				"east": {"uv": [0, 0, 0, 5], "texture": "#2"},
				"south": {"uv": [4, 11, 0, 16], "texture": "#2"},
				"west": {"uv": [0, 0, 0, 5], "texture": "#2"},
				"up": {"uv": [0, 0, 4, 0], "texture": "#2"},
				"down": {"uv": [0, 0, 4, 0], "texture": "#2"}
			}
		},
		{
			"from": [8, -4, 4],
			"to": [12, 1, 4],
			"rotation": {"angle": -45, "axis": "y", "origin": [10, 1, 4]},
			"faces": {
				"north": {"uv": [0, 11, 4, 16], "texture": "#2"},
				"east": {"uv": [0, 0, 0, 5], "texture": "#2"},
				"south": {"uv": [4, 11, 0, 16], "texture": "#2"},
				"west": {"uv": [0, 0, 0, 5], "texture": "#2"},
				"up": {"uv": [0, 0, 4, 0], "texture": "#2"},
				"down": {"uv": [0, 0, 4, 0], "texture": "#2"}
			}
		},
		{
			"from": [7.5, -2, 1.5],
			"to": [12.5, 3, 6.5],
			"rotation": {"angle": 0, "axis": "y", "origin": [10, 1, 4]},
			"faces": {
				"north": {"uv": [5, 11, 10, 16], "texture": "#2"},
				"east": {"uv": [5, 11, 10, 16], "texture": "#2"},
				"south": {"uv": [5, 11, 10, 16], "texture": "#2"},
				"west": {"uv": [5, 11, 10, 16], "texture": "#2"},
				"up": {"uv": [11, 0, 16, 5], "texture": "#2"},
				"down": {"uv": [11, 11, 16, 16], "texture": "#2"}
			}
		},
		{
			"from": [6, -5, 13],
			"to": [10, 0, 13],
			"rotation": {"angle": 45, "axis": "y", "origin": [8, 0, 13]},
			"faces": {
				"north": {"uv": [0, 11, 4, 16], "texture": "#2"},
				"east": {"uv": [0, 0, 0, 5], "texture": "#2"},
				"south": {"uv": [4, 11, 0, 16], "texture": "#2"},
				"west": {"uv": [0, 0, 0, 5], "texture": "#2"},
				"up": {"uv": [0, 0, 4, 0], "texture": "#2"},
				"down": {"uv": [0, 0, 4, 0], "texture": "#2"}
			}
		},
		{
			"from": [6, -5, 13],
			"to": [10, 0, 13],
			"rotation": {"angle": -45, "axis": "y", "origin": [8, 0, 13]},
			"faces": {
				"north": {"uv": [0, 11, 4, 16], "texture": "#2"},
				"east": {"uv": [0, 0, 0, 5], "texture": "#2"},
				"south": {"uv": [4, 11, 0, 16], "texture": "#2"},
				"west": {"uv": [0, 0, 0, 5], "texture": "#2"},
				"up": {"uv": [0, 0, 4, 0], "texture": "#2"},
				"down": {"uv": [0, 0, 4, 0], "texture": "#2"}
			}
		},
		{
			"from": [5.5, -3, 10.5],
			"to": [10.5, 2, 15.5],
			"rotation": {"angle": 0, "axis": "y", "origin": [8, 0, 13]},
			"faces": {
				"north": {"uv": [5, 11, 10, 16], "texture": "#2"},
				"east": {"uv": [5, 11, 10, 16], "texture": "#2"},
				"south": {"uv": [5, 11, 10, 16], "texture": "#2"},
				"west": {"uv": [5, 11, 10, 16], "texture": "#2"},
				"up": {"uv": [11, 0, 16, 5], "texture": "#2"},
				"down": {"uv": [11, 11, 16, 16], "texture": "#2"}
			}
		},
		{
			"from": [10, 3, 13],
			"to": [14, 8, 13],
			"rotation": {"angle": 45, "axis": "y", "origin": [12, 8, 13]},
			"faces": {
				"north": {"uv": [0, 11, 4, 16], "texture": "#2"},
				"east": {"uv": [0, 0, 0, 5], "texture": "#2"},
				"south": {"uv": [4, 11, 0, 16], "texture": "#2"},
				"west": {"uv": [0, 0, 0, 5], "texture": "#2"},
				"up": {"uv": [0, 0, 4, 0], "texture": "#2"},
				"down": {"uv": [0, 0, 4, 0], "texture": "#2"}
			}
		},
		{
			"from": [10, 3, 13],
			"to": [14, 8, 13],
			"rotation": {"angle": -45, "axis": "y", "origin": [12, 8, 13]},
			"faces": {
				"north": {"uv": [0, 11, 4, 16], "texture": "#2"},
				"east": {"uv": [0, 0, 0, 5], "texture": "#2"},
				"south": {"uv": [4, 11, 0, 16], "texture": "#2"},
				"west": {"uv": [0, 0, 0, 5], "texture": "#2"},
				"up": {"uv": [0, 0, 4, 0], "texture": "#2"},
				"down": {"uv": [0, 0, 4, 0], "texture": "#2"}
			}
		},
		{
			"from": [9.5, 5, 10.5],
			"to": [14.5, 10, 15.5],
			"rotation": {"angle": 0, "axis": "y", "origin": [12, 8, 13]},
			"faces": {
				"north": {"uv": [5, 11, 10, 16], "texture": "#2"},
				"east": {"uv": [5, 11, 10, 16], "texture": "#2"},
				"south": {"uv": [5, 11, 10, 16], "texture": "#2"},
				"west": {"uv": [5, 11, 10, 16], "texture": "#2"},
				"up": {"uv": [11, 0, 16, 5], "texture": "#2"},
				"down": {"uv": [11, 11, 16, 16], "texture": "#2"}
			}
		}
	],
	"groups": [
		{
			"name": "flower01",
			"origin": [8, 8, 8],
			"color": 0,
			"children": [0, 1, 2]
		},
		{
			"name": "flower02",
			"origin": [8, 8, 8],
			"color": 0,
			"children": [3, 4, 5]
		},
		{
			"name": "flower03",
			"origin": [8, 8, 8],
			"color": 0,
			"children": [6, 7, 8]
		},
		{
			"name": "flower04",
			"origin": [8, 8, 8],
			"color": 0,
			"children": [9, 10, 11]
		}
	]
}