{
    "variants": {
        "": [
            { "model": "block/lily_pad", "weight": 5 },
            { "model": "block/lily_pad", "y": 90, "weight": 5 },
            { "model": "block/lily_pad", "y": 180, "weight": 5 },
            { "model": "block/lily_pad", "y": 270, "weight": 5 },
			{ "model": "block/lily_pad1", "weight": 10 },
            { "model": "block/lily_pad1", "y": 90, "weight": 5 },
            { "model": "block/lily_pad1", "y": 180, "weight": 5 },
            { "model": "block/lily_pad1", "y": 270, "weight": 5 },
			{ "model": "block/lily_pad2", "weight": 5 },
            { "model": "block/lily_pad2", "y": 90, "weight": 5 },
            { "model": "block/lily_pad2", "y": 180, "weight": 10 },
            { "model": "block/lily_pad2", "y": 270, "weight": 5 },
			{ "model": "block/lily_pad3", "weight": 5 },
            { "model": "block/lily_pad3", "y": 90, "weight": 5 },
            { "model": "block/lily_pad3", "y": 180, "weight": 5 },
            { "model": "block/lily_pad3", "y": 270, "weight": 5 },
			{ "model": "block/lily_pad0", "weight": 2 },
            { "model": "block/lily_pad0", "y": 90, "weight": 3 },
            { "model": "block/lily_pad0", "y": 180, "weight": 2 },
            { "model": "block/lily_pad0", "y": 270, "weight": 3 }
        ]
    }
}
