{
	"credit": "Made with Blockbench",
	"textures": {
		"3": "minecraft:block/bell_side",
		"4": "minecraft:block/bell_top",
		"bar": "minecraft:block/dark_oak_planks",
		"post": "minecraft:block/stone",
		"particle": "minecraft:block/bell_bottom"
	},
	"elements": [
		{
			"from": [ 2, 13, 7 ],
			"to": [ 14, 15, 9 ],
			"faces": {
				"north": {
					"uv": [ 2, 2, 14, 4 ],
					"texture": "#bar"
				},
				"south": {
					"uv": [ 2, 3, 14, 5 ],
					"texture": "#bar"
				},
				"up": {
					"uv": [ 2, 3, 14, 5 ],
					"texture": "#bar"
				},
				"down": {
					"uv": [ 2, 3, 14, 5 ],
					"texture": "#bar"
				}
			}
		},
		{
			"from": [ 14, 0, 6 ],
			"to": [ 16, 16, 10 ],
			"faces": {
				"north": {
					"uv": [ 0, 1, 2, 16 ],
					"texture": "#post"
				},
				"east": {
					"uv": [ 0, 1, 4, 16 ],
					"texture": "#post"
				},
				"south": {
					"uv": [ 0, 1, 2, 16 ],
					"texture": "#post"
				},
				"west": {
					"uv": [ 0, 1, 4, 16 ],
					"texture": "#post"
				},
				"up": {
					"uv": [ 0, 0, 2, 4 ],
					"texture": "#post",
					"cullface": "up"
				},
				"down": {
					"uv": [ 0, 0, 2, 4 ],
					"texture": "#post",
					"cullface": "down"
				}
			}
		},
		{
			"from": [ 0, 0, 6 ],
			"to": [ 2, 16, 10 ],
			"faces": {
				"north": {
					"uv": [ 0, 1, 2, 16 ],
					"texture": "#post"
				},
				"east": {
					"uv": [ 0, 1, 4, 16 ],
					"texture": "#post"
				},
				"south": {
					"uv": [ 0, 1, 2, 16 ],
					"texture": "#post"
				},
				"west": {
					"uv": [ 0, 1, 4, 16 ],
					"texture": "#post"
				},
				"up": {
					"uv": [ 0, 0, 2, 4 ],
					"texture": "#post",
					"cullface": "up"
				},
				"down": {
					"uv": [ 0, 0, 2, 4 ],
					"texture": "#post",
					"cullface": "down"
				}
			}
		},
		{
			"from": [ 5, 6, 5 ],
			"to": [ 11, 13, 11 ],
			"faces": {
				"north": {
					"uv": [ 1, 0, 7, 7 ],
					"texture": "#3"
				},
				"east": {
					"uv": [ 1, 0, 7, 7 ],
					"texture": "#3"
				},
				"south": {
					"uv": [ 1, 0, 7, 7 ],
					"texture": "#3"
				},
				"west": {
					"uv": [ 1, 0, 7, 7 ],
					"texture": "#3"
				},
				"up": {
					"uv": [ 1, 1, 7, 7 ],
					"texture": "#4"
				}
			}
		},
		{
			"from": [ 4, 4, 4 ],
			"to": [ 12, 6, 12 ],
			"faces": {
				"north": {
					"uv": [ 0, 7, 8, 9 ],
					"texture": "#3"
				},
				"east": {
					"uv": [ 0, 7, 8, 9 ],
					"texture": "#3"
				},
				"south": {
					"uv": [ 0, 7, 8, 9 ],
					"texture": "#3"
				},
				"west": {
					"uv": [ 0, 7, 8, 9 ],
					"texture": "#3"
				},
				"up": {
					"uv": [ 0, 0, 8, 8 ],
					"texture": "#4"
				},
				"down": {
					"uv": [ 0, 0, 8, 8 ],
					"texture": "#particle"
				}
			}
		}
	],
	"display": {
		"thirdperson_righthand": {
			"rotation": [ 75, 45, 0 ],
			"translation": [ 0, 2.5, 0 ],
			"scale": [ 0.34, 0.34, 0.34 ]
		},
		"thirdperson_lefthand": {
			"rotation": [ 75, 45, 0 ],
			"translation": [ 0, 2.5, 0 ],
			"scale": [ 0.34, 0.34, 0.34 ]
		},
		"firstperson_righthand": {
			"rotation": [ 0, 45, 0 ],
			"scale": [ 0.4, 0.4, 0.4 ]
		},
		"firstperson_lefthand": {
			"rotation": [ 0, 225, 0 ],
			"scale": [ 0.4, 0.4, 0.4 ]
		},
		"ground": {
			"translation": [ 0, 3, 0 ],
			"scale": [ 0.25, 0.25, 0.25 ]
		},
		"gui": {
			"rotation": [ 30, 225, 0 ],
			"scale": [ 0.625, 0.625, 0.625 ]
		},
		"fixed": {
			"scale": [ 0.5, 0.5, 0.5 ]
		}
	}
}