{
	"credit": "Made with Blockbench",
	"textures": {
		"base": "minecraft:block/brewing_stand_base",
		"particle": "minecraft:block/brewing_stand",
		"stand": "minecraft:block/brewing_stand"
	},
	"elements": [
		{
			"from": [ 7, 0, 7 ],
			"to": [ 9, 14, 9 ],
			"faces": {
				"north": {
					"uv": [ 7, 2, 9, 16 ],
					"texture": "#stand"
				},
				"east": {
					"uv": [ 7, 2, 9, 16 ],
					"texture": "#stand"
				},
				"south": {
					"uv": [ 7, 2, 9, 16 ],
					"texture": "#stand"
				},
				"west": {
					"uv": [ 7, 2, 9, 16 ],
					"texture": "#stand"
				},
				"up": {
					"uv": [ 7, 7, 9, 9 ],
					"texture": "#stand"
				},
				"down": {
					"uv": [ 7, 7, 9, 9 ],
					"texture": "#stand"
				}
			}
		},
		{
			"from": [ 9, 0, 5 ],
			"to": [ 15, 2, 11 ],
			"faces": {
				"north": {
					"uv": [ 9, 14, 15, 16 ],
					"texture": "#base"
				},
				"east": {
					"uv": [ 5, 14, 11, 16 ],
					"texture": "#base"
				},
				"south": {
					"uv": [ 9, 14, 15, 16 ],
					"texture": "#base"
				},
				"west": {
					"uv": [ 5, 14, 11, 16 ],
					"texture": "#base"
				},
				"up": {
					"uv": [ 9, 5, 15, 11 ],
					"texture": "#base"
				},
				"down": {
					"uv": [ 9, 5, 15, 11 ],
					"texture": "#base",
					"cullface": "down"
				}
			}
		},
		{
			"from": [ 1, 0, 1 ],
			"to": [ 7, 2, 7 ],
			"faces": {
				"north": {
					"uv": [ 1, 14, 7, 16 ],
					"texture": "#base"
				},
				"east": {
					"uv": [ 1, 14, 7, 16 ],
					"texture": "#base"
				},
				"south": {
					"uv": [ 1, 14, 7, 16 ],
					"texture": "#base"
				},
				"west": {
					"uv": [ 1, 14, 7, 16 ],
					"texture": "#base"
				},
				"up": {
					"uv": [ 1, 1, 7, 7 ],
					"texture": "#base"
				},
				"down": {
					"uv": [ 1, 1, 7, 7 ],
					"texture": "#base",
					"cullface": "down"
				}
			}
		},
		{
			"from": [ 1, 0, 9 ],
			"to": [ 7, 2, 15 ],
			"faces": {
				"north": {
					"uv": [ 1, 14, 7, 16 ],
					"texture": "#base"
				},
				"east": {
					"uv": [ 9, 14, 15, 16 ],
					"texture": "#base"
				},
				"south": {
					"uv": [ 1, 14, 7, 16 ],
					"texture": "#base"
				},
				"west": {
					"uv": [ 9, 14, 15, 16 ],
					"texture": "#base"
				},
				"up": {
					"uv": [ 1, 9, 7, 15 ],
					"texture": "#base"
				},
				"down": {
					"uv": [ 1, 9, 7, 15 ],
					"texture": "#base",
					"cullface": "down"
				}
			}
		},
		{
			"from": [ 9, 2, 8 ],
			"to": [ 15, 16, 8 ],
			"faces": {
				"north": {
					"uv": [ 16, 0, 10, 14 ],
					"texture": "#stand"
				},
				"south": {
					"uv": [ 9, 0, 15, 14 ],
					"texture": "#stand"
				}
			}
		},
		{
			"from": [ 3, 2, 3 ],
			"to": [ 9, 16, 3 ],
			"rotation": {
				"angle": -45,
				"axis": "y",
				"origin": [ 3, 14, 3 ]
			},
			"faces": {
				"north": {
					"uv": [ 9, 0, 15, 14 ],
					"texture": "#stand"
				},
				"south": {
					"uv": [ 16, 0, 10, 14 ],
					"texture": "#stand"
				}
			}
		},
		{
			"from": [ 3, 2, 13 ],
			"to": [ 9, 16, 13 ],
			"rotation": {
				"angle": 45,
				"axis": "y",
				"origin": [ 3, 14, 13 ]
			},
			"faces": {
				"north": {
					"uv": [ 9, 0, 15, 14 ],
					"texture": "#stand"
				},
				"south": {
					"uv": [ 16, 0, 10, 14 ],
					"texture": "#stand"
				}
			}
		}
	],
	"display": {
		"thirdperson_righthand": {
			"rotation": [ 75, 45, 0 ],
			"translation": [ 0, 2.5, 0 ],
			"scale": [ 0.34, 0.34, 0.34 ]
		},
		"thirdperson_lefthand": {
			"rotation": [ 75, 45, 0 ],
			"translation": [ 0, 2.5, 0 ],
			"scale": [ 0.34, 0.34, 0.34 ]
		},
		"firstperson_righthand": {
			"rotation": [ 0, 45, 0 ],
			"translation": [ 0, 1.5, 0 ],
			"scale": [ 0.4, 0.4, 0.4 ]
		},
		"firstperson_lefthand": {
			"rotation": [ 0, 225, 0 ],
			"translation": [ 0, 1.5, 0 ],
			"scale": [ 0.4, 0.4, 0.4 ]
		},
		"ground": {
			"translation": [ 0, 3, 0 ],
			"scale": [ 0.25, 0.25, 0.25 ]
		},
		"gui": {
			"rotation": [ 30, 225, 0 ],
			"scale": [ 0.625, 0.625, 0.625 ]
		},
		"fixed": {
			"scale": [ 0.5, 0.5, 0.5 ]
		}
	}
}