{
	"credit": "Made with Blockbench",
	"parent": "minecraft:block/cauldron",
	"ambientocclusion": false,
	"textures": {
		"particle": "block/cauldron_side",
		"top": "block/cauldron_top",
		"bottom": "block/cauldron_bottom",
		"side": "block/cauldron_side",
		"inside": "block/cauldron_inner"
	},
	"display": {
		"thirdperson_righthand": {
			"rotation": [ 75, 45, 0 ],
			"translation": [ 0, 2.5, 0 ],
			"scale": [ 0.34, 0.34, 0.34 ]
		},
		"thirdperson_lefthand": {
			"rotation": [ 75, 45, 0 ],
			"translation": [ 0, 2.5, 0 ],
			"scale": [ 0.34, 0.34, 0.34 ]
		},
		"firstperson_righthand": {
			"rotation": [ 0, 45, 0 ],
			"scale": [ 0.4, 0.4, 0.4 ]
		},
		"firstperson_lefthand": {
			"rotation": [ 0, 225, 0 ],
			"scale": [ 0.4, 0.4, 0.4 ]
		},
		"ground": {
			"translation": [ 0, 3, 0 ],
			"scale": [ 0.25, 0.25, 0.25 ]
		},
		"gui": {
			"rotation": [ 30, 225, 0 ],
			"scale": [ 0.625, 0.625, 0.625 ]
		},
		"fixed": {
			"scale": [ 0.5, 0.5, 0.5 ]
		}
	}
}