{
	"credit": "Made with Blockbench",
	"parent": "minecraft:block/chain",
	"textures": {
		"particle": "block/chain",
		"all": "block/chain"
	},
	"gui_light": "front",
	"display": {
		"thirdperson_righthand": {
			"scale": [ 0.5, 0.5, 0.5 ]
		},
		"thirdperson_lefthand": {
			"scale": [ 0.5, 0.5, 0.5 ]
		},
		"firstperson_righthand": {
			"rotation": [ -27.5, 30, 0 ],
			"translation": [ 3.5, 2, 0 ],
			"scale": [ 0.5, 0.5, 0.5 ]
		},
		"firstperson_lefthand": {
			"rotation": [ -27.5, 30, 0 ],
			"translation": [ 3.5, 2, 0 ],
			"scale": [ 0.5, 0.5, 0.5 ]
		},
		"ground": {
			"rotation": [ 90, 0, 0 ],
			"scale": [ 0.5, 0.5, 0.5 ]
		},
		"gui": {
			"rotation": [ 0, 23.5, 0 ],
			"scale": [ 1.3, 1, 1 ]
		},
		"fixed": {
			"scale": [ 1, 1, 1 ]
		}
	}
}