{
	"credit": "Made with Blockbench",
	"texture_size": [ 64, 64 ],
	"textures": {
		"1": "item/glass_bottle",
		"2": "item/experience_overlay",
		"particle": "minecraft:block/glass"
	},
	"elements": [
		{
			"from": [ 5, 0, 5 ],
			"to": [ 11, 5, 11 ],
			"faces": {
				"north": {
					"uv": [ 4, 0, 8, 3.33334 ],
					"texture": "#1"
				},
				"east": {
					"uv": [ 8, 0, 4, 3.33334 ],
					"texture": "#1"
				},
				"south": {
					"uv": [ 4, 0, 8, 3.33334 ],
					"texture": "#1"
				},
				"west": {
					"uv": [ 8, 0, 4, 3.33334 ],
					"texture": "#1"
				},
				"up": {
					"uv": [ 4, 8, 0, 4 ],
					"texture": "#1"
				},
				"down": {
					"uv": [ 0, 0, 4, 4 ],
					"texture": "#1"
				}
			}
		},
		{
			"from": [ 6.8, 5, 6.8 ],
			"to": [ 9.2, 7, 9.2 ],
			"rotation": {
				"angle": 0,
				"axis": "y",
				"origin": [ -0.2, 0, -0.2 ]
			},
			"faces": {
				"north": {
					"uv": [ 4, 3.33333, 6.66667, 6 ],
					"texture": "#1"
				},
				"east": {
					"uv": [ 4, 3.33333, 6.66667, 6 ],
					"texture": "#1"
				},
				"south": {
					"uv": [ 4, 3.33333, 6.66667, 6 ],
					"texture": "#1"
				},
				"west": {
					"uv": [ 4, 3.33333, 6.66667, 6 ],
					"texture": "#1"
				}
			}
		},
		{
			"from": [ 6, 7, 6 ],
			"to": [ 10, 9, 10 ],
			"faces": {
				"north": {
					"uv": [ 14.66666, 3.33333, 12, 4.66667 ],
					"texture": "#1"
				},
				"east": {
					"uv": [ 12, 3.33333, 14.66666, 4.66667 ],
					"texture": "#1"
				},
				"south": {
					"uv": [ 14.66666, 3.33333, 12, 4.66667 ],
					"texture": "#1"
				},
				"west": {
					"uv": [ 12, 3.33333, 14.66666, 4.66667 ],
					"texture": "#1"
				},
				"up": {
					"uv": [ 14.66666, 2.66666, 12, 0 ],
					"texture": "#1"
				},
				"down": {
					"uv": [ 14.66666, 0, 12, 2.66666 ],
					"texture": "#1"
				}
			}
		},
		{
			"from": [ 5.7, 0.4, 5.7 ],
			"to": [ 10.3, 4.5, 10.3 ],
			"rotation": {
				"angle": 0,
				"axis": "y",
				"origin": [ 5.9, 0.6, 5.9 ]
			},
			"faces": {
				"north": {
					"uv": [ 8, 0, 16, 6.66667 ],
					"texture": "#2"
				},
				"east": {
					"uv": [ 8, 0, 16, 6.66667 ],
					"texture": "#2"
				},
				"south": {
					"uv": [ 8, 0, 16, 6.66667 ],
					"texture": "#2"
				},
				"west": {
					"uv": [ 8, 0, 16, 6.66667 ],
					"texture": "#2"
				},
				"up": {
					"uv": [ 8, 0, 0, 8 ],
					"texture": "#2"
				},
				"down": {
					"uv": [ 8, 0, 0, 8 ],
					"texture": "#2"
				}
			}
		},
		{
			"from": [ 10.8, 5, 10.8 ],
			"to": [ 5.2, 0, 5.2 ],
			"rotation": {
				"angle": 0,
				"axis": "y",
				"origin": [ 6.4, 1.2, 6.4 ]
			},
			"faces": {
				"north": {
					"uv": [ 6.66667, 9.33333, 1.33333, 14.66667 ],
					"texture": "#2"
				},
				"east": {
					"uv": [ 6.66667, 9.33333, 1.33333, 14.66667 ],
					"texture": "#2"
				},
				"south": {
					"uv": [ 6.66667, 9.33333, 1.33333, 14.66667 ],
					"texture": "#2"
				},
				"west": {
					"uv": [ 6.66667, 9.33333, 1.33333, 14.66667 ],
					"texture": "#2"
				},
				"up": {
					"uv": [ 6.66667, 9.33333, 1.33333, 14.66667 ],
					"texture": "#2"
				},
				"down": {
					"uv": [ 6.66667, 9.33333, 1.33333, 14.66667 ],
					"texture": "#2"
				}
			}
		}
	],
	"display": {
		"thirdperson_righthand": {
			"rotation": [ 36.5, 45, 0 ],
			"translation": [ 0, 2.5, 1 ],
			"scale": [ 0.5, 0.5, 0.5 ]
		},
		"thirdperson_lefthand": {
			"rotation": [ 36.5, 45, 0 ],
			"translation": [ 0, 2.5, 1 ],
			"scale": [ 0.5, 0.5, 0.5 ]
		},
		"firstperson_righthand": {
			"rotation": [ -10.57, 16.68, 3.05 ],
			"translation": [ 10.75, 0, -10.25 ],
			"scale": [ 0.86, 0.86, 0.86 ]
		},
		"firstperson_lefthand": {
			"rotation": [ -10.57, 16.68, 3.05 ],
			"translation": [ 10.75, 0, -10.25 ],
			"scale": [ 0.86, 0.86, 0.86 ]
		},
		"ground": {
			"translation": [ 0, 2, 0 ],
			"scale": [ 0.5, 0.5, 0.5 ]
		},
		"gui": {
			"rotation": [ 20, 45, 0 ],
			"translation": [ 0, 3.75, 0 ],
			"scale": [ 1, 1, 1 ]
		},
		"head": {
			"translation": [ 0, 9.25, 0 ]
		},
		"fixed": {
			"translation": [ 0, 3, 1.75 ]
		}
	}
}