{
	"credit": "Made with Blockbench",
	"texture_size": [32, 32],
	"textures": {
		"0": "item/firework",
		"particle": "item/firework"
	},
	"elements": [
		{
			"from": [7, 0, 7],
			"to": [8, 9, 8],
			"faces": {
				"north": {"uv": [4, 5, 4.5, 9.5], "texture": "#0"},
				"east": {"uv": [4.5, 5, 5, 9.5], "texture": "#0"},
				"south": {"uv": [5, 5, 5.5, 9.5], "texture": "#0"},
				"west": {"uv": [5.5, 5, 6, 9.5], "texture": "#0"},
				"up": {"uv": [6.5, 8.5, 6, 8], "texture": "#0"},
				"down": {"uv": [8.5, 6, 8, 6.5], "texture": "#0"}
			}
		},
		{
			"from": [6, 9, 6],
			"to": [9, 19, 9],
			"faces": {
				"north": {"uv": [0, 0, 1.5, 5], "texture": "#0"},
				"east": {"uv": [1.5, 0, 3, 5], "texture": "#0"},
				"south": {"uv": [3, 0, 4.5, 5], "texture": "#0"},
				"west": {"uv": [4.5, 0, 6, 5], "texture": "#0"},
				"up": {"uv": [7.5, 1.5, 6, 0], "texture": "#0"},
				"down": {"uv": [7.5, 1.5, 6, 3], "texture": "#0"}
			}
		},
		{
			"from": [7, 25, 7],
			"to": [8, 26, 8],
			"faces": {
				"north": {"uv": [6.5, 8, 7, 8.5], "texture": "#0"},
				"east": {"uv": [8, 6.5, 8.5, 7], "texture": "#0"},
				"south": {"uv": [7, 8, 7.5, 8.5], "texture": "#0"},
				"west": {"uv": [8, 7, 8.5, 7.5], "texture": "#0"},
				"up": {"uv": [8, 8.5, 7.5, 8], "texture": "#0"},
				"down": {"uv": [8.5, 7.5, 8, 8], "texture": "#0"}
			}
		},
		{
			"from": [5.5, 19, 5.5],
			"to": [9.5, 21, 9.5],
			"faces": {
				"north": {"uv": [6, 6, 8, 7], "texture": "#0"},
				"east": {"uv": [0, 7, 2, 8], "texture": "#0"},
				"south": {"uv": [2, 7, 4, 8], "texture": "#0"},
				"west": {"uv": [6, 7, 8, 8], "texture": "#0"},
				"up": {"uv": [2, 7, 0, 5], "texture": "#0"},
				"down": {"uv": [4, 5, 2, 7], "texture": "#0"}
			}
		},
		{
			"from": [6, 21, 6],
			"to": [9, 23, 9],
			"faces": {
				"north": {"uv": [7.5, 0, 9, 1], "texture": "#0"},
				"east": {"uv": [7.5, 1, 9, 2], "texture": "#0"},
				"south": {"uv": [7.5, 2, 9, 3], "texture": "#0"},
				"west": {"uv": [7.5, 3, 9, 4], "texture": "#0"},
				"up": {"uv": [7.5, 4.5, 6, 3], "texture": "#0"},
				"down": {"uv": [7.5, 4.5, 6, 6], "texture": "#0"}
			}
		},
		{
			"from": [6.5, 23, 6.5],
			"to": [8.5, 25, 8.5],
			"faces": {
				"north": {"uv": [7.5, 4, 8.5, 5], "texture": "#0"},
				"east": {"uv": [7.5, 5, 8.5, 6], "texture": "#0"},
				"south": {"uv": [0, 8, 1, 9], "texture": "#0"},
				"west": {"uv": [1, 8, 2, 9], "texture": "#0"},
				"up": {"uv": [3, 9, 2, 8], "texture": "#0"},
				"down": {"uv": [4, 8, 3, 9], "texture": "#0"}
			}
		}
	],
	"gui_light": "front",
	"display": {
		"thirdperson_righthand": {
			"rotation": [6.75, 0, 0],
			"translation": [0, -4.5, 0.5],
			"scale": [0.5, 0.5, 0.5]
		},
		"thirdperson_lefthand": {
			"rotation": [6.75, 0, 0],
			"translation": [0, -4.5, 0.5],
			"scale": [0.5, 0.5, 0.5]
		},
		"firstperson_righthand": {
			"rotation": [-22.49, 12.95, -10.35],
			"translation": [4.25, -3.75, 0],
			"scale": [0.7, 0.7, 0.7]
		},
		"firstperson_lefthand": {
			"rotation": [-22.49, 12.95, -10.35],
			"translation": [4.25, -3.75, 0],
			"scale": [0.7, 0.7, 0.7]
		},
		"ground": {
			"rotation": [18.25, 0.13, 0.97],
			"translation": [0, 0.1, 0],
			"scale": [0.5, 0.5, 0.5]
		},
		"gui": {
			"rotation": [-17, 0, -37.75],
			"translation": [-2, -2.75, 0],
			"scale": [0.7, 0.7, 0.7]
		},
		"head": {
			"rotation": [-180, 0, 0],
			"translation": [0.5, 23.25, -0.5]
		},
		"fixed": {
			"translation": [0, -3.75, 0],
			"scale": [0.7, 0.7, 0.7]
		}
	},
	"groups": [
		{
			"name": "group",
			"origin": [8, 8, 8],
			"color": 0,
			"children": [
				0,
				1,
				{
					"name": "top",
					"origin": [8, 8, 8],
					"color": 0,
					"children": [2, 3, 4, 5]
				}
			]
		}
	]
}