{
  "parent": "minecraft:block/template_redstone_torch",
  "textures": {
    "torch": "minecraft:block/redstone_torch"
  },
  "gui_light": "front",
  "display": {
    "thirdperson_righthand": {
      "rotation": [ 14.25, 0, 0 ],
      "translation": [ 0, 3, 2.25 ],
      "scale": [ 0.7, 0.7, 0.7 ]
    },
    "thirdperson_lefthand": {
      "rotation": [ 14.25, 0, 0 ],
      "translation": [ 0, 3, 2.25 ],
      "scale": [ 0.7, 0.7, 0.7 ]
    },
    "firstperson_righthand": {
      "rotation": [ -50, 4.1, 5 ],
      "translation": [ 2.25, 2.5, -0.5 ]
    },
    "firstperson_lefthand": {
      "rotation": [ -50, 4.1, 5 ],
      "translation": [ 2.25, 2.5, -0.5 ]
    },
    "ground": {
      "rotation": [ -70, 0, 0 ],
      "translation": [ 0, 0, -2.75 ]
    }
  }
}