{
  "parent": "minecraft:block/template_campfire",
  "textures": {
    "fire": "minecraft:block/soul_campfire_fire",
    "lit_log": "minecraft:block/soul_campfire_log_lit"
  },
  "gui_light": "front",
  "display": {
    "thirdperson_righthand": {
      "rotation": [ 42.75, 0, 0 ],
      "translation": [ 0, 1.75, 0 ],
      "scale": [ 0.3, 0.3, 0.3 ]
    },
    "thirdperson_lefthand": {
      "rotation": [ 42.75, 0, 0 ],
      "translation": [ 0, 1.75, 0 ],
      "scale": [ 0.3, 0.3, 0.3 ]
    },
    "firstperson_righthand": {
      "rotation": [ 0, 30, 0 ],
      "translation": [ 3, 0, -2.25 ],
      "scale": [ 0.4, 0.4, 0.4 ]
    },
    "firstperson_lefthand": {
      "rotation": [ 0, 30, 0 ],
      "translation": [ 3, 0, -2.25 ],
      "scale": [ 0.4, 0.4, 0.4 ]
    },
    "ground": {
      "scale": [ 0.3, 0.3, 0.3 ]
    },
    "head": {
      "translation": [ 0, 10.5, 0 ]
    },
    "fixed": {
      "rotation": [ 0, 45, 0 ],
      "scale": [ 0.8, 0.8, 0.8 ]
    }
  }
}