{
	"credit": "Made with Blockbench",
	"textures": {
		"4": "item/3ditems_stick"
	},
	"elements": [
		{
			"from": [2, 10, 5],
			"to": [10, 16, 5],
			"rotation": {"angle": -22.5, "axis": "y", "origin": [2, -2, -1]},
			"faces": {
				"north": {"uv": [8, 5, 16, 11], "texture": "#4"},
				"south": {"uv": [16, 5, 8, 11], "texture": "#4"}
			}
		},
		{
			"from": [7, 0, 7],
			"to": [9, 16, 9],
			"faces": {
				"north": {"uv": [0, 0, 2, 16], "texture": "#4"},
				"east": {"uv": [4, 0, 2, 16], "texture": "#4"},
				"south": {"uv": [6, 0, 4, 16], "texture": "#4"},
				"west": {"uv": [4, 0, 6, 16], "texture": "#4"},
				"up": {"uv": [8, 2, 6, 0], "texture": "#4"},
				"down": {"uv": [8, 2, 6, 4], "texture": "#4"}
			}
		}
	],
	"gui_light": "front",
	"display": {
		"thirdperson_righthand": {
			"rotation": [11.72, -1.45, -3.47],
			"translation": [0.5, 3, 2],
			"scale": [0.55, 0.55, 0.55]
		},
		"thirdperson_lefthand": {
			"rotation": [11.72, -1.45, -3.47],
			"translation": [0.5, 3, 2],
			"scale": [0.55, 0.55, 0.55]
		},
		"firstperson_righthand": {
			"rotation": [166.93, -24.74, -152.56],
			"translation": [1.13, 3.2, 1.13],
			"scale": [0.68, 0.68, 0.68]
		},
		"firstperson_lefthand": {
			"rotation": [-143.06, -64.69, -102.85],
			"translation": [1.13, 3.2, 1.13],
			"scale": [0.68, 0.68, 0.68]
		},
		"ground": {
			"rotation": [4.01, -1.03, -28.67],
			"translation": [0, 2, 0],
			"scale": [0.5, 0.5, 0.5]
		},
		"gui": {
			"rotation": [0, -25, -51.75],
			"translation": [-0.5, -1.75, 0]
		},
		"head": {
			"rotation": [-59, 0, 0],
			"translation": [0, 5.75, -7.75]
		},
		"fixed": {
			"rotation": [0, -33.5, 0],
			"translation": [0, 0, -0.25]
		}
	}
}