{
	"credit": "Made with Blockbench",
	"ambientocclusion": false,
	"textures": {
		"1": "minecraft:block/torch",
		"2": "item/torch_fire",
		"particle": "minecraft:block/torch"
	},
	"elements": [
		{
			"from": [7, 0, 7],
			"to": [9, 10, 9],
			"shade": false,
			"faces": {
				"up": {"uv": [7, 6, 9, 8], "texture": "#1"},
				"down": {"uv": [7, 13, 9, 15], "texture": "#1"}
			}
		},
		{
			"from": [7, 0, 0],
			"to": [9, 16, 16],
			"shade": false,
			"faces": {
				"east": {"uv": [0, 0, 16, 16], "texture": "#1"},
				"west": {"uv": [0, 0, 16, 16], "texture": "#1"}
			}
		},
		{
			"from": [0, 0, 7],
			"to": [16, 16, 9],
			"shade": false,
			"faces": {
				"north": {"uv": [0, 0, 16, 16], "texture": "#1"},
				"south": {"uv": [0, 0, 16, 16], "texture": "#1"}
			}
		},
		{
			"from": [8, 5, 7.5],
			"to": [8, 11, 13.5],
			"rotation": {"angle": -22.5, "axis": "x", "origin": [8, 8.5, 5]},
			"faces": {
				"north": {"uv": [0, 0, 0, 2], "rotation": 180, "texture": "#missing"},
				"east": {"uv": [0, 0, 16, 16], "rotation": 270, "texture": "#2"},
				"south": {"uv": [0, 0, 0, 2], "texture": "#missing"},
				"west": {"uv": [0, 0, 16, 16], "rotation": 90, "texture": "#2"},
				"up": {"uv": [0, 0, 0, 2], "rotation": 180, "texture": "#missing"},
				"down": {"uv": [0, 0, 0, 2], "texture": "#missing"}
			}
		}
	],
	"gui_light": "front",
	"display": {
		"thirdperson_righthand": {
			"rotation": [14.25, 0, 0],
			"translation": [0, 3, 2.25],
			"scale": [0.7, 0.7, 0.7]
		},
		"thirdperson_lefthand": {
			"rotation": [14.25, 0, 0],
			"translation": [0, 3, 2.25],
			"scale": [0.7, 0.7, 0.7]
		},
		"firstperson_righthand": {
			"rotation": [-50, 4.1, 5],
			"translation": [2.25, 2.5, -0.5]
		},
		"firstperson_lefthand": {
			"rotation": [-50, 4.1, 5],
			"translation": [2.25, 2.5, -0.5]
		},
		"ground": {
			"rotation": [-70, 0, 0],
			"translation": [0, 0, -2.75]
		},
		"fixed": {
			"translation": [0, 0, 0.75]
		}
	}
}